{"cameraMode":{"drawMode":0,"name":"Shaded","section":"Shading Mode"},"sceneLighting":false,"audioPlay":false,"sceneViewState":{"m_AlwaysRefresh":false,"showFog":true,"showSkybox":false,"showFlares":true,"showImageEffects":true,"showParticleSystems":true,"showVisualEffectGraphs":true,"m_FxEnabled":true},"in2DMode":false,"pivot":{"x":3.3729116916656496,"y":-1.4903182983398438,"z":-0.7848005294799805},"rotation":{"x":0.04659389704465866,"y":-0.6509029865264893,"z":0.04008110612630844,"w":0.7566691637039185},"size":2.2506935596466066,"orthographic":false}